ItemDescription;CostPerItem
мюанп хг 12 жбермшу йюпюмдюьеи;72
мюанп дкъ охяэлю я вепеоюлх ;92
"мюанп хг 6 кемр ""янбепьеммн йпюяхбн""";319,2
мюанп хг 5 лхмх-люцмхрнб дкъ опндсйрнб;230,4
мюанп хг 3 тнплнвей дкъ оевемэъ б бхде яепдевей;138,4
депебъммши мюанп дкъ хцпш б йецкх;1761,6
мюанп йнмреимепнб дкъ едш 3 кчанбмшу яепджю ;456
"мюанп дкъ бникнйю ""дебнвйю мхйнкэ""";547,2
мюанп хг 4 феяръмшу аюмнвей я люйюлх;458,4
мюанп хг 2 йпюямшу вюимшу онкнремеж;326,4
мюанп хг 3 аюмнй дкъ рнпрнб;547,2
мюанп хг 6 аюмнвей дкъ яоежхи;916
мюанп хг 6 тнмюпхйнб;640
мюанп хг 4 аекшу перпн-йсахйнб дкъ упюмемхъ ;6436
лхмх мюанп йпюянй бхмрюф ;180
мюанп хг 6 кюлонвей йюйрсяш ;281,6
мюанп 5 йпюямшу ярейкъммшу лхянй я йпшьйни;326,4
мюанп дкъ ьхрэъ йкюяяю кчйя ;657,6
мюанп 20 йпюямшу аслюфмшу яюктернй;94,4
мюанп дкъ бшоевйх 9 опедлернб ;547,2
мюанп хг 6 янкдюрхйнб;824
мюанп ьрюлонб я рпюдхжхнммшл юктюбхрнл;547,2
мюанп хг 72 аслюфмшу яюктернй;160,8
мюанп вюи, йнте, яюуюп;1192
мюанп хг 36 жбермшу йюпюмдюьеи йнялхвеяйхи люкэвхй ;138,4
мюанп хг 72 пнгнбшу аслюфмшу яюктернй-яепдевей;160,8
мюанп дкъ хцпш б ахмцн;414,4
"мюанп хг 5 люцмхрнб ""явюяркхбши йнр""";456
бхмрюфмюъ яюктерйю днпнфмши мюанп дкъ ьхрэъ;216
вюимши мюанп йепюлхвеяйхи 11 ьр;547,2
